{"cameraMode":{"drawMode":0,"name":"Shaded","section":"Shading Mode"},"sceneLighting":false,"audioPlay":false,"sceneViewState":{"m_AlwaysRefresh":false,"showFog":true,"showSkybox":false,"showFlares":true,"showImageEffects":true,"showParticleSystems":true,"showVisualEffectGraphs":true,"m_FxEnabled":true},"in2DMode":false,"pivot":{"x":-0.10333061218261719,"y":-3.1540474891662599,"z":25.800779342651368},"rotation":{"x":-0.12620307505130769,"y":0.860419511795044,"z":-0.25801384449005129,"w":-0.4210771918296814},"size":10.888710975646973,"orthographic":false}