{"cameraMode":{"drawMode":0,"name":"Shaded","section":"Shading Mode"},"sceneLighting":false,"audioPlay":false,"sceneViewState":{"m_AlwaysRefresh":false,"showFog":true,"showSkybox":false,"showFlares":true,"showImageEffects":true,"showParticleSystems":true,"showVisualEffectGraphs":true,"m_FxEnabled":true},"in2DMode":false,"pivot":{"x":-0.2509307861328125,"y":-2.933727264404297,"z":9.760778427124024},"rotation":{"x":0.27298611402511599,"y":0.08186003565788269,"z":-0.023279355838894845,"w":0.9583038091659546},"size":11.078914642333985,"orthographic":false}