{"cameraMode":{"drawMode":0,"name":"Shaded","section":"Shading Mode"},"sceneLighting":false,"audioPlay":false,"sceneViewState":{"m_AlwaysRefresh":false,"showFog":true,"showSkybox":false,"showFlares":true,"showImageEffects":true,"showParticleSystems":true,"showVisualEffectGraphs":true,"m_FxEnabled":true},"in2DMode":false,"pivot":{"x":-0.8767528533935547,"y":-0.15536069869995118,"z":9.532325744628907},"rotation":{"x":0.06486067175865174,"y":-0.5959042310714722,"z":0.048395171761512759,"w":0.7990355491638184},"size":10.939229011535645,"orthographic":false}