{"cameraMode":{"drawMode":0,"name":"Shaded","section":"Shading Mode"},"sceneLighting":false,"audioPlay":false,"sceneViewState":{"m_AlwaysRefresh":false,"showFog":true,"showSkybox":false,"showFlares":true,"showImageEffects":true,"showParticleSystems":true,"showVisualEffectGraphs":true,"m_FxEnabled":true},"in2DMode":false,"pivot":{"x":-0.10333061218261719,"y":-3.1540474891662599,"z":9.76077651977539},"rotation":{"x":0.0715196505188942,"y":-0.9175066947937012,"z":0.19270215928554536,"w":0.34065204858779909},"size":10.888710975646973,"orthographic":false}